1,2,3,4,5,Out
0.306668187065,0.34984492599,0.338627046173,0.37986752815,0.405832782302,0.356907185668
0.34984492599,0.338627046173,0.37986752815,0.405832782302,0.356907185668,0.460205079891
0.338627046173,0.37986752815,0.405832782302,0.356907185668,0.460205079891,0.337252426507
0.37986752815,0.405832782302,0.356907185668,0.460205079891,0.337252426507,0.511952857701
0.405832782302,0.356907185668,0.460205079891,0.337252426507,0.511952857701,1.0
0.356907185668,0.460205079891,0.337252426507,0.511952857701,1.0,0.735233670803
0.460205079891,0.337252426507,0.511952857701,1.0,0.735233670803,0.493465939377
0.337252426507,0.511952857701,1.0,0.735233670803,0.493465939377,0.452547918126
0.511952857701,1.0,0.735233670803,0.493465939377,0.452547918126,0.475497623834
1.0,0.735233670803,0.493465939377,0.452547918126,0.475497623834,0.938383764546
0.735233670803,0.493465939377,0.452547918126,0.475497623834,0.938383764546,0.436483013926
0.493465939377,0.452547918126,0.475497623834,0.938383764546,0.436483013926,0.607756674976
0.452547918126,0.475497623834,0.938383764546,0.436483013926,0.607756674976,0.540723340488
0.276980492587,0.260240113891,0.215554182302,0.25807117568,0.285493505189,0.302078297235
0.260240113891,0.215554182302,0.25807117568,0.285493505189,0.302078297235,0.244515265712
0.215554182302,0.25807117568,0.285493505189,0.302078297235,0.244515265712,0.257361160272
0.329360725612,0.37602099223,0.378277742701,0.334385610611,0.366446509058,0.322099476597
0.37602099223,0.378277742701,0.334385610611,0.366446509058,0.322099476597,0.577260613976
0.329360725612,0.37602099223,0.378277742701,0.334385610611,0.366446509058,0.322099476597
0.37602099223,0.378277742701,0.334385610611,0.366446509058,0.322099476597,0.577260613976
0.378277742701,0.334385610611,0.366446509058,0.322099476597,0.577260613976,0.698422264836
0.334385610611,0.366446509058,0.322099476597,0.577260613976,0.698422264836,0.660303526755
0.329360725612,0.37602099223,0.378277742701,0.334385610611,0.366446509058,0.322099476597
0.37602099223,0.378277742701,0.334385610611,0.366446509058,0.322099476597,0.577260613976
0.378277742701,0.334385610611,0.366446509058,0.322099476597,0.577260613976,0.698422264836
0.334385610611,0.366446509058,0.322099476597,0.577260613976,0.698422264836,0.660303526755
0.366446509058,0.322099476597,0.577260613976,0.698422264836,0.660303526755,0.511036953523
0.322099476597,0.577260613976,0.698422264836,0.660303526755,0.511036953523,0.69044478038
0.329360725612,0.37602099223,0.378277742701,0.334385610611,0.366446509058,0.322099476597
0.37602099223,0.378277742701,0.334385610611,0.366446509058,0.322099476597,0.577260613976
0.378277742701,0.334385610611,0.366446509058,0.322099476597,0.577260613976,0.698422264836
0.334385610611,0.366446509058,0.322099476597,0.577260613976,0.698422264836,0.660303526755
0.366446509058,0.322099476597,0.577260613976,0.698422264836,0.660303526755,0.511036953523
0.322099476597,0.577260613976,0.698422264836,0.660303526755,0.511036953523,0.69044478038
0.577260613976,0.698422264836,0.660303526755,0.511036953523,0.69044478038,0.465180919258
0.698422264836,0.660303526755,0.511036953523,0.69044478038,0.465180919258,0.344505700385
0.202245011406,0.244403642119,0.238775306733,0.171940395999,0.132377834645,0.165608456901
0.244403642119,0.238775306733,0.171940395999,0.132377834645,0.165608456901,0.269941472911
0.202245011406,0.244403642119,0.238775306733,0.171940395999,0.132377834645,0.165608456901
0.244403642119,0.238775306733,0.171940395999,0.132377834645,0.165608456901,0.269941472911
0.238775306733,0.171940395999,0.132377834645,0.165608456901,0.269941472911,0.442779354004
0.386660228099,0.313914685975,0.316790753273,0.38653846995,0.376684131929,0.311056070306
0.313914685975,0.316790753273,0.38653846995,0.376684131929,0.311056070306,0.38925023158
0.316790753273,0.38653846995,0.376684131929,0.311056070306,0.38925023158,0.314498992758
0.38653846995,0.376684131929,0.311056070306,0.38925023158,0.314498992758,0.489431600936
0.376684131929,0.311056070306,0.38925023158,0.314498992758,0.489431600936,0.759042394063
0.311056070306,0.38925023158,0.314498992758,0.489431600936,0.759042394063,0.895590597326
0.38925023158,0.314498992758,0.489431600936,0.759042394063,0.895590597326,0.48659374464
0.314498992758,0.489431600936,0.759042394063,0.895590597326,0.48659374464,0.307689701735
0.489431600936,0.759042394063,0.895590597326,0.48659374464,0.307689701735,0.307501011856
0.17909346413,0.214460995297,0.133986070949,0.286381893848,0.273534859037,0.214393455598
0.190489619952,0.198230820749,0.312457859284,0.378197992112,0.415598308181,0.584633614355
0.198230820749,0.312457859284,0.378197992112,0.415598308181,0.584633614355,0.34894410935
0.312457859284,0.378197992112,0.415598308181,0.584633614355,0.34894410935,0.724178265955
0.378197992112,0.415598308181,0.584633614355,0.34894410935,0.724178265955,0.718969102363
0.415598308181,0.584633614355,0.34894410935,0.724178265955,0.718969102363,0.61659448507
0.584633614355,0.34894410935,0.724178265955,0.718969102363,0.61659448507,0.68456632502
0.34894410935,0.724178265955,0.718969102363,0.61659448507,0.68456632502,0.423857743922
0.724178265955,0.718969102363,0.61659448507,0.68456632502,0.423857743922,0.363866441529
0.718969102363,0.61659448507,0.68456632502,0.423857743922,0.363866441529,1.0
0.61659448507,0.68456632502,0.423857743922,0.363866441529,1.0,0.477417409174
0.68456632502,0.423857743922,0.363866441529,1.0,0.477417409174,0.384311193043
0.209589616959,0.277458218893,0.226839259423,0.251069681646,0.187350751456,0.215086252234
0.209339227462,0.274846384777,0.22911436114,0.377134244531,0.214630188799,0.446405198916
0.274846384777,0.22911436114,0.377134244531,0.214630188799,0.446405198916,0.471353633713
0.22911436114,0.377134244531,0.214630188799,0.446405198916,0.471353633713,0.541196879953
0.377134244531,0.214630188799,0.446405198916,0.471353633713,0.541196879953,0.394236233071
0.214630188799,0.446405198916,0.471353633713,0.541196879953,0.394236233071,0.376713007395
0.446405198916,0.471353633713,0.541196879953,0.394236233071,0.376713007395,0.262633280693
0.471353633713,0.541196879953,0.394236233071,0.376713007395,0.262633280693,0.497630978259
0.206080633269,0.159513821824,0.206518600735,0.22242087128,0.26854691865,0.460199654975
0.159513821824,0.206518600735,0.22242087128,0.26854691865,0.460199654975,0.432347904439
0.206518600735,0.22242087128,0.26854691865,0.460199654975,0.432347904439,0.46440494482
0.22242087128,0.26854691865,0.460199654975,0.432347904439,0.46440494482,0.733720082601
0.26854691865,0.460199654975,0.432347904439,0.46440494482,0.733720082601,0.617677545122
0.460199654975,0.432347904439,0.46440494482,0.733720082601,0.617677545122,0.53273949832
0.432347904439,0.46440494482,0.733720082601,0.617677545122,0.53273949832,0.392892276615
0.206080633269,0.159513821824,0.206518600735,0.22242087128,0.26854691865,0.460199654975
0.159513821824,0.206518600735,0.22242087128,0.26854691865,0.460199654975,0.432347904439
0.206518600735,0.22242087128,0.26854691865,0.460199654975,0.432347904439,0.46440494482
0.22242087128,0.26854691865,0.460199654975,0.432347904439,0.46440494482,0.733720082601
0.26854691865,0.460199654975,0.432347904439,0.46440494482,0.733720082601,0.617677545122
0.460199654975,0.432347904439,0.46440494482,0.733720082601,0.617677545122,0.53273949832
0.432347904439,0.46440494482,0.733720082601,0.617677545122,0.53273949832,0.392892276615
0.46440494482,0.733720082601,0.617677545122,0.53273949832,0.392892276615,0.693798790582
0.733720082601,0.617677545122,0.53273949832,0.392892276615,0.693798790582,0.290412311476
0.617677545122,0.53273949832,0.392892276615,0.693798790582,0.290412311476,0.45725856093
0.153531980356,0.268530879318,0.257032120792,0.242552348194,0.257962784379,0.408184232665
0.213559035372,0.184898661739,0.200072412488,0.321737791615,0.211654963499,0.528671180279
0.184898661739,0.200072412488,0.321737791615,0.211654963499,0.528671180279,0.48397103076
0.213559035372,0.184898661739,0.200072412488,0.321737791615,0.211654963499,0.528671180279
0.184898661739,0.200072412488,0.321737791615,0.211654963499,0.528671180279,0.48397103076
0.200072412488,0.321737791615,0.211654963499,0.528671180279,0.48397103076,0.506261032657
0.321737791615,0.211654963499,0.528671180279,0.48397103076,0.506261032657,0.228033286111
0.211654963499,0.528671180279,0.48397103076,0.506261032657,0.228033286111,0.463468476996
0.528671180279,0.48397103076,0.506261032657,0.228033286111,0.463468476996,0.336855719437
0.0979518532419,0.15264508804,0.128771435902,0.157507856742,0.283121108507,0.324503997208
0.1672444697,0.157235885547,0.211133373357,0.167470578817,0.319798870532,0.419176931879
0.157235885547,0.211133373357,0.167470578817,0.319798870532,0.419176931879,0.355971180261
0.150446292606,0.14550749137,0.231161524521,0.140083052657,0.315383301953,0.329571298521
0.150446292606,0.14550749137,0.231161524521,0.140083052657,0.315383301953,0.329571298521
0.14550749137,0.231161524521,0.140083052657,0.315383301953,0.329571298521,0.386219830315
0.231161524521,0.140083052657,0.315383301953,0.329571298521,0.386219830315,0.358150101779
0.256879332246,0.337268301857,0.384905070148,0.500289674205,0.433902156381,0.757127432528
0.337268301857,0.384905070148,0.500289674205,0.433902156381,0.757127432528,0.36547623278
0.384905070148,0.500289674205,0.433902156381,0.757127432528,0.36547623278,0.596459269438
0.500289674205,0.433902156381,0.757127432528,0.36547623278,0.596459269438,0.346931894082
0.159190813496,0.132492463834,0.224076547444,0.222348662786,0.455014641647,0.480437795388
0.132492463834,0.224076547444,0.222348662786,0.455014641647,0.480437795388,0.361362069999
0.195600755148,0.190362783158,0.308019534465,0.494629723029,0.47099236707,0.366957614046
0.190362783158,0.308019534465,0.494629723029,0.47099236707,0.366957614046,0.396783805461
0.340415110283,0.211641486463,0.342349573138,0.48239893653,0.719686710909,0.384686064797
0.211641486463,0.342349573138,0.48239893653,0.719686710909,0.384686064797,0.251326676964
0.340415110283,0.211641486463,0.342349573138,0.48239893653,0.719686710909,0.384686064797
0.211641486463,0.342349573138,0.48239893653,0.719686710909,0.384686064797,0.251326676964
0.342349573138,0.48239893653,0.719686710909,0.384686064797,0.251326676964,0.385851943311
0.271900487416,0.241089974374,0.445207127008,0.55947797028,0.828704579989,0.592510431952
0.241089974374,0.445207127008,0.55947797028,0.828704579989,0.592510431952,0.500746762656
0.445207127008,0.55947797028,0.828704579989,0.592510431952,0.500746762656,0.549930534669
0.55947797028,0.828704579989,0.592510431952,0.500746762656,0.549930534669,0.590010199699
0.828704579989,0.592510431952,0.500746762656,0.549930534669,0.590010199699,0.506179689207
0.592510431952,0.500746762656,0.549930534669,0.590010199699,0.506179689207,0.689142329526
0.500746762656,0.549930534669,0.590010199699,0.506179689207,0.689142329526,0.748382893925
0.549930534669,0.590010199699,0.506179689207,0.689142329526,0.748382893925,0.416633250343
0.185591785955,0.230595648413,0.417267998525,0.376014253592,0.78338782412,0.536057709392
0.230595648413,0.417267998525,0.376014253592,0.78338782412,0.536057709392,0.644223205035
0.417267998525,0.376014253592,0.78338782412,0.536057709392,0.644223205035,0.29039950522
0.376014253592,0.78338782412,0.536057709392,0.644223205035,0.29039950522,0.499979647795
0.78338782412,0.536057709392,0.644223205035,0.29039950522,0.499979647795,0.450548778681
0.536057709392,0.644223205035,0.29039950522,0.499979647795,0.450548778681,0.392423226865
0.644223205035,0.29039950522,0.499979647795,0.450548778681,0.392423226865,0.591524577106
0.29039950522,0.499979647795,0.450548778681,0.392423226865,0.591524577106,0.587420824587
0.499979647795,0.450548778681,0.392423226865,0.591524577106,0.587420824587,0.532939419916
0.450548778681,0.392423226865,0.591524577106,0.587420824587,0.532939419916,0.454036904677
0.392423226865,0.591524577106,0.587420824587,0.532939419916,0.454036904677,0.234852942172
0.591524577106,0.587420824587,0.532939419916,0.454036904677,0.234852942172,0.591215841815
0.587420824587,0.532939419916,0.454036904677,0.234852942172,0.591215841815,0.553893800003
0.532939419916,0.454036904677,0.234852942172,0.591215841815,0.553893800003,0.383008518592
0.280111931154,0.351421361124,0.705161384286,0.753424457093,0.466885481024,0.38706776898
0.26359090918,0.397936560925,0.711848949836,0.426319910473,0.427017727954,0.356984944667
0.397936560925,0.711848949836,0.426319910473,0.427017727954,0.356984944667,0.246230923917
0.711848949836,0.426319910473,0.427017727954,0.356984944667,0.246230923917,0.763672414837
0.426319910473,0.427017727954,0.356984944667,0.246230923917,0.763672414837,0.466130703874
0.427017727954,0.356984944667,0.246230923917,0.763672414837,0.466130703874,0.605884861035
0.356984944667,0.246230923917,0.763672414837,0.466130703874,0.605884861035,0.55576078804
0.246230923917,0.763672414837,0.466130703874,0.605884861035,0.55576078804,0.540115224126
0.763672414837,0.466130703874,0.605884861035,0.55576078804,0.540115224126,0.406772413787
0.224904594011,0.344085401064,0.491664290877,0.513320785579,0.352125625184,0.31489227823
0.308691607407,0.419173226799,0.357194129562,0.27490872984,0.386952769525,0.708389456081
0.419173226799,0.357194129562,0.27490872984,0.386952769525,0.708389456081,0.377809071015
0.306753420234,0.360490620084,0.272100636083,0.225683577477,0.547549811828,0.302988794446
0.266067970489,0.436397275779,0.587820533887,0.337172367487,0.590311605656,0.264617694282
0.436397275779,0.587820533887,0.337172367487,0.590311605656,0.264617694282,0.760093603134
0.361066076064,0.347261788727,0.321194530902,0.295037520462,0.168544436574,0.197510321124
0.347261788727,0.321194530902,0.295037520462,0.168544436574,0.197510321124,0.248721532188
0.321194530902,0.295037520462,0.168544436574,0.197510321124,0.248721532188,0.34451085255
0.331702741315,0.605577675438,0.341885913587,0.245798487988,0.153265793995,0.195851247924
0.331702741315,0.605577675438,0.341885913587,0.245798487988,0.153265793995,0.195851247924
0.605577675438,0.341885913587,0.245798487988,0.153265793995,0.195851247924,0.22219327576
0.732763982956,0.899030139818,0.519816874548,0.513852766484,0.327859709129,0.649393955661
0.899030139818,0.519816874548,0.513852766484,0.327859709129,0.649393955661,0.381274689888
0.519816874548,0.513852766484,0.327859709129,0.649393955661,0.381274689888,0.596910110613
0.457774954385,0.315004573019,0.214259565549,0.345277314068,0.265432387746,0.129584055887
0.534134924455,0.529757964527,0.692167827487,0.993373876499,1.0,1.0
0.302621175509,0.29136808979,0.209491115152,0.461889463339,0.220862348675,0.419207242385
0.3987349419,0.565875235796,0.58296946261,0.998402869264,0.521675441793,0.600751290294
0.565875235796,0.58296946261,0.998402869264,0.521675441793,0.600751290294,0.633095141418
0.241403014461,0.2588468641,0.374517480503,0.656619736929,0.501445971533,0.917216661922
0.2588468641,0.374517480503,0.656619736929,0.501445971533,0.917216661922,0.386340698603
0.374517480503,0.656619736929,0.501445971533,0.917216661922,0.386340698603,0.508068582821
0.656619736929,0.501445971533,0.917216661922,0.386340698603,0.508068582821,0.449561691075
0.241403014461,0.2588468641,0.374517480503,0.656619736929,0.501445971533,0.917216661922
0.2588468641,0.374517480503,0.656619736929,0.501445971533,0.917216661922,0.386340698603
0.374517480503,0.656619736929,0.501445971533,0.917216661922,0.386340698603,0.508068582821
0.656619736929,0.501445971533,0.917216661922,0.386340698603,0.508068582821,0.449561691075
0.501445971533,0.917216661922,0.386340698603,0.508068582821,0.449561691075,0.404976099945
0.917216661922,0.386340698603,0.508068582821,0.449561691075,0.404976099945,0.348014665452
0.386340698603,0.508068582821,0.449561691075,0.404976099945,0.348014665452,0.41305148904
0.290690179774,0.327786372495,0.576964944442,0.394682276497,0.386271500565,0.505072323549
0.290690179774,0.327786372495,0.576964944442,0.394682276497,0.386271500565,0.505072323549
0.327786372495,0.576964944442,0.394682276497,0.386271500565,0.505072323549,0.389679975346
0.576964944442,0.394682276497,0.386271500565,0.505072323549,0.389679975346,0.505588012468
0.0843542479186,0.470749230549,0.163632130866,0.346930784488,0.312983894067,0.213342747882
0.240846272974,0.415072646329,0.305192953605,0.283655708945,0.499020271508,0.41391550736
0.415072646329,0.305192953605,0.283655708945,0.499020271508,0.41391550736,0.395992099752
0.305192953605,0.283655708945,0.499020271508,0.41391550736,0.395992099752,0.375457051848
0.283655708945,0.499020271508,0.41391550736,0.395992099752,0.375457051848,0.140497943981
0.499020271508,0.41391550736,0.395992099752,0.375457051848,0.140497943981,0.225889536463
0.142371277285,0.373055516911,0.189083344343,0.247422407625,0.393400300955,0.283449715314
0.373055516911,0.189083344343,0.247422407625,0.393400300955,0.283449715314,0.325003898459
0.189083344343,0.247422407625,0.393400300955,0.283449715314,0.325003898459,0.168440170325
0.247422407625,0.393400300955,0.283449715314,0.325003898459,0.168440170325,0.198915239615
0.393400300955,0.283449715314,0.325003898459,0.168440170325,0.198915239615,0.223590373023
0.283449715314,0.325003898459,0.168440170325,0.198915239615,0.223590373023,0.181989156831
0.325003898459,0.168440170325,0.198915239615,0.223590373023,0.181989156831,0.172085640411
0.168440170325,0.198915239615,0.223590373023,0.181989156831,0.172085640411,0.158541771104
0.2649542291,0.163726335762,0.276134367276,0.327635856559,0.341219833754,0.219547533019
0.163726335762,0.276134367276,0.327635856559,0.341219833754,0.219547533019,0.292705509677
0.199557742533,0.32203730935,0.355504873571,0.443712957455,0.278873252127,0.364812388286
0.279990556027,0.21294752452,0.164049263779,0.270072203547,0.328691330162,0.166761789592
0.225225712481,0.479825739885,0.541299258839,0.356334470919,0.292767881534,0.359222312258
0.479825739885,0.541299258839,0.356334470919,0.292767881534,0.359222312258,0.190524195864
0.541299258839,0.356334470919,0.292767881534,0.359222312258,0.190524195864,0.301519363888
0.356334470919,0.292767881534,0.359222312258,0.190524195864,0.301519363888,0.411085891942
0.292767881534,0.359222312258,0.190524195864,0.301519363888,0.411085891942,0.287917872545
0.225225712481,0.479825739885,0.541299258839,0.356334470919,0.292767881534,0.359222312258
0.479825739885,0.541299258839,0.356334470919,0.292767881534,0.359222312258,0.190524195864
0.541299258839,0.356334470919,0.292767881534,0.359222312258,0.190524195864,0.301519363888
0.356334470919,0.292767881534,0.359222312258,0.190524195864,0.301519363888,0.411085891942
0.292767881534,0.359222312258,0.190524195864,0.301519363888,0.411085891942,0.287917872545
0.359222312258,0.190524195864,0.301519363888,0.411085891942,0.287917872545,0.361925793653
0.52485627225,0.323647493332,0.750313879551,0.727897008801,0.491765449547,0.496303160906
0.33118256887,0.426396870847,0.499100635264,0.762042181916,0.38852732766,0.661614762416
0.426396870847,0.499100635264,0.762042181916,0.38852732766,0.661614762416,0.186126540878
0.499100635264,0.762042181916,0.38852732766,0.661614762416,0.186126540878,0.229915040339
0.762042181916,0.38852732766,0.661614762416,0.186126540878,0.229915040339,0.603907484007
0.38852732766,0.661614762416,0.186126540878,0.229915040339,0.603907484007,0.24551839847
0.333838600703,0.712960382327,0.62643679386,0.883939271689,0.750615702319,0.770213586664
0.292404559115,0.740882033112,0.504943561322,0.344902965209,0.725395346643,0.384239075911
0.740882033112,0.504943561322,0.344902965209,0.725395346643,0.384239075911,0.493940913996
0.286384554506,0.247843218727,0.305851840835,0.353605360085,0.531076410942,0.278933477208
0.247843218727,0.305851840835,0.353605360085,0.531076410942,0.278933477208,0.298791340316
0.212345256822,0.316808360026,0.348258886619,0.254781832569,0.530975142901,0.159519980139
0.316808360026,0.348258886619,0.254781832569,0.530975142901,0.159519980139,0.155056454526
0.348258886619,0.254781832569,0.530975142901,0.159519980139,0.155056454526,0.208424143013
0.319401643429,0.37270819945,0.468741788654,0.321141421066,0.599637852872,0.253586133314
0.37270819945,0.468741788654,0.321141421066,0.599637852872,0.253586133314,0.32750901227
0.468741788654,0.321141421066,0.599637852872,0.253586133314,0.32750901227,0.385992125157
0.443596414907,0.41706592535,0.29703860577,0.29959351794,0.320663769722,0.409986594726
0.41706592535,0.29703860577,0.29959351794,0.320663769722,0.409986594726,0.196007450794
0.29703860577,0.29959351794,0.320663769722,0.409986594726,0.196007450794,0.24494881912
0.29959351794,0.320663769722,0.409986594726,0.196007450794,0.24494881912,0.258754012256
0.320663769722,0.409986594726,0.196007450794,0.24494881912,0.258754012256,0.414246927799
0.356571561854,0.279442718546,0.183069933602,0.278238776627,0.380853323435,0.238247077919
0.279442718546,0.183069933602,0.278238776627,0.380853323435,0.238247077919,0.295475472555
0.183069933602,0.278238776627,0.380853323435,0.238247077919,0.295475472555,0.368826884036
0.356571561854,0.279442718546,0.183069933602,0.278238776627,0.380853323435,0.238247077919
0.279442718546,0.183069933602,0.278238776627,0.380853323435,0.238247077919,0.295475472555
0.183069933602,0.278238776627,0.380853323435,0.238247077919,0.295475472555,0.368826884036
0.278238776627,0.380853323435,0.238247077919,0.295475472555,0.368826884036,0.401932087665
0.255668113438,0.315202954227,0.236962041949,0.330441136359,0.148309480243,0.207882664591
0.315202954227,0.236962041949,0.330441136359,0.148309480243,0.207882664591,0.245848141711
0.236962041949,0.330441136359,0.148309480243,0.207882664591,0.245848141711,0.11613152487
0.330441136359,0.148309480243,0.207882664591,0.245848141711,0.11613152487,0.173349966849
0.247869633583,0.253438698795,0.276445576246,0.144458812105,0.193299600455,0.243381432352
0.253438698795,0.276445576246,0.144458812105,0.193299600455,0.243381432352,0.141612086848
0.607245208934,0.341843756768,0.248119158719,0.232327735259,0.508741247143,0.483247372912
0.341843756768,0.248119158719,0.232327735259,0.508741247143,0.483247372912,0.408376062407
0.248119158719,0.232327735259,0.508741247143,0.483247372912,0.408376062407,0.34295496547
0.232327735259,0.508741247143,0.483247372912,0.408376062407,0.34295496547,0.561681230398
0.508741247143,0.483247372912,0.408376062407,0.34295496547,0.561681230398,0.420263103731
0.659825500694,1.0,0.548619956391,0.608222934494,0.820778192907,1.0
1.0,0.548619956391,0.608222934494,0.820778192907,1.0,0.994856026866
0.448890561579,0.37261501651,0.508213283996,0.209607678766,0.313127697408,0.337025313036
0.37261501651,0.508213283996,0.209607678766,0.313127697408,0.337025313036,0.339956862769
0.508213283996,0.209607678766,0.313127697408,0.337025313036,0.339956862769,0.289690864439
0.209607678766,0.313127697408,0.337025313036,0.339956862769,0.289690864439,0.47380904282
0.313127697408,0.337025313036,0.339956862769,0.289690864439,0.47380904282,0.513744941033
0.367614179433,0.361022415891,0.24141107001,0.385121813423,0.614057111933,0.335331744729
0.378022309275,0.556792722455,0.23996278086,0.27657826432,0.499663757757,0.583213858154
0.45783303803,0.571593555405,0.242332334944,0.26859634285,0.49621309371,0.380016897069
0.571593555405,0.242332334944,0.26859634285,0.49621309371,0.380016897069,0.280104835646
0.242332334944,0.26859634285,0.49621309371,0.380016897069,0.280104835646,0.236699895721
0.215794766242,0.381874589031,0.197249447695,0.318790282598,0.408783551773,0.357282384918
0.381874589031,0.197249447695,0.318790282598,0.408783551773,0.357282384918,0.231635940038
0.197249447695,0.318790282598,0.408783551773,0.357282384918,0.231635940038,0.401651103978
0.318790282598,0.408783551773,0.357282384918,0.231635940038,0.401651103978,0.528539860366
0.408783551773,0.357282384918,0.231635940038,0.401651103978,0.528539860366,0.382091542912
0.357282384918,0.231635940038,0.401651103978,0.528539860366,0.382091542912,0.381844304986
0.231635940038,0.401651103978,0.528539860366,0.382091542912,0.381844304986,0.255476395717
0.401651103978,0.528539860366,0.382091542912,0.381844304986,0.255476395717,0.295552597622
0.528539860366,0.382091542912,0.381844304986,0.255476395717,0.295552597622,0.318924338349
0.281125809202,0.265452881818,0.174886761674,0.207381911614,0.325577194484,0.195614354756
0.745554036424,0.462552531969,1.0,0.806924832406,0.767831692635,1.0
0.462552531969,1.0,0.806924832406,0.767831692635,1.0,0.479279310207
1.0,0.806924832406,0.767831692635,1.0,0.479279310207,0.874563484307
0.745554036424,0.462552531969,1.0,0.806924832406,0.767831692635,1.0
0.462552531969,1.0,0.806924832406,0.767831692635,1.0,0.479279310207
1.0,0.806924832406,0.767831692635,1.0,0.479279310207,0.874563484307
0.806924832406,0.767831692635,1.0,0.479279310207,0.874563484307,0.743333363717
0.767831692635,1.0,0.479279310207,0.874563484307,0.743333363717,0.444621099767
0.485376725579,0.215005314955,0.293388550264,0.544888746256,0.34350809002,0.327328459186
0.425533259396,0.212516258824,0.233314790199,0.425057595828,0.250327009356,0.233010018263
0.212516258824,0.233314790199,0.425057595828,0.250327009356,0.233010018263,0.299845537747
0.233314790199,0.425057595828,0.250327009356,0.233010018263,0.299845537747,0.251562017255
0.425057595828,0.250327009356,0.233010018263,0.299845537747,0.251562017255,0.449233377605
0.250327009356,0.233010018263,0.299845537747,0.251562017255,0.449233377605,0.224017480289
0.233010018263,0.299845537747,0.251562017255,0.449233377605,0.224017480289,0.272792271885
0.334623254691,0.132793826928,0.24024989164,0.201144349661,0.332490805529,0.208638085742
0.316534647174,0.129077436475,0.223336930211,0.349960974025,0.295380220006,0.20069361248
0.129077436475,0.223336930211,0.349960974025,0.295380220006,0.20069361248,0.234541029718
0.223336930211,0.349960974025,0.295380220006,0.20069361248,0.234541029718,0.390945376634
0.349960974025,0.295380220006,0.20069361248,0.234541029718,0.390945376634,0.280718512033
0.295380220006,0.20069361248,0.234541029718,0.390945376634,0.280718512033,0.385982416756
0.20069361248,0.234541029718,0.390945376634,0.280718512033,0.385982416756,0.359274452471
0.192182388973,0.235228987261,0.203720926098,0.314296052155,0.300210947379,0.543165655084
0.235228987261,0.203720926098,0.314296052155,0.300210947379,0.543165655084,0.274780053514
0.203720926098,0.314296052155,0.300210947379,0.543165655084,0.274780053514,0.289732054569
0.314296052155,0.300210947379,0.543165655084,0.274780053514,0.289732054569,0.283550583731
0.300210947379,0.543165655084,0.274780053514,0.289732054569,0.283550583731,0.366805113145
0.543165655084,0.274780053514,0.289732054569,0.283550583731,0.366805113145,0.323211518778
0.233913804851,0.291343629718,0.250060107845,0.38707196556,0.264895571619,0.242585560149
0.309149146792,0.470532650373,0.486293027561,0.362401542574,0.459321633526,0.372400904956
0.470532650373,0.486293027561,0.362401542574,0.459321633526,0.372400904956,0.492013493024
0.486293027561,0.362401542574,0.459321633526,0.372400904956,0.492013493024,0.346714620121
0.362401542574,0.459321633526,0.372400904956,0.492013493024,0.346714620121,1.0
0.309149146792,0.470532650373,0.486293027561,0.362401542574,0.459321633526,0.372400904956
0.470532650373,0.486293027561,0.362401542574,0.459321633526,0.372400904956,0.492013493024
0.486293027561,0.362401542574,0.459321633526,0.372400904956,0.492013493024,0.346714620121
0.362401542574,0.459321633526,0.372400904956,0.492013493024,0.346714620121,1.0
0.459321633526,0.372400904956,0.492013493024,0.346714620121,1.0,0.28641443791
0.183074730619,0.378464199116,0.259168716287,0.203968503378,0.153931524171,0.360116706668
0.307872995505,0.300217884212,0.23435654735,0.338213218761,0.244646174212,0.133373514058
0.300217884212,0.23435654735,0.338213218761,0.244646174212,0.133373514058,0.235856859933
0.23435654735,0.338213218761,0.244646174212,0.133373514058,0.235856859933,0.146696054515
0.338213218761,0.244646174212,0.133373514058,0.235856859933,0.146696054515,0.166764890631
0.489345611658,0.207614615976,0.312124671306,0.277129154281,0.344736502981,0.287878108936
0.489345611658,0.207614615976,0.312124671306,0.277129154281,0.344736502981,0.287878108936
0.207614615976,0.312124671306,0.277129154281,0.344736502981,0.287878108936,0.224954403714
0.312124671306,0.277129154281,0.344736502981,0.287878108936,0.224954403714,0.157207800674
0.277129154281,0.344736502981,0.287878108936,0.224954403714,0.157207800674,0.178704109351
0.42588861683,0.412743824581,0.315125615369,0.431144785207,0.306148589286,0.533414426145
0.412743824581,0.315125615369,0.431144785207,0.306148589286,0.533414426145,0.506543581873
0.315125615369,0.431144785207,0.306148589286,0.533414426145,0.506543581873,0.378173685812
0.168894938496,0.149178298587,0.222320698811,0.432438201001,0.217447060584,0.265126990792
0.149178298587,0.222320698811,0.432438201001,0.217447060584,0.265126990792,0.180255287506
0.222320698811,0.432438201001,0.217447060584,0.265126990792,0.180255287506,0.27337437592
0.432438201001,0.217447060584,0.265126990792,0.180255287506,0.27337437592,0.178942478925
0.217447060584,0.265126990792,0.180255287506,0.27337437592,0.178942478925,0.150445742355
0.303916647466,0.138305073059,0.330851352847,0.473540375296,0.305825972589,0.51476360972
0.138305073059,0.330851352847,0.473540375296,0.305825972589,0.51476360972,0.346740739023
0.330851352847,0.473540375296,0.305825972589,0.51476360972,0.346740739023,0.270518613208
0.238709372961,0.218871300409,0.292288768926,0.475298410797,0.458449595092,0.38275727548
0.218871300409,0.292288768926,0.475298410797,0.458449595092,0.38275727548,0.547864257977
0.195676777195,0.186892375875,0.36536045456,0.330271126185,0.422903702637,0.664066011652
0.186892375875,0.36536045456,0.330271126185,0.422903702637,0.664066011652,0.566685851644
0.36536045456,0.330271126185,0.422903702637,0.664066011652,0.566685851644,0.943646984295
0.330271126185,0.422903702637,0.664066011652,0.566685851644,0.943646984295,0.3118810841
0.147753837149,0.16300002787,0.21446249284,0.34634144202,0.189892278408,0.294856045677
0.147753837149,0.16300002787,0.21446249284,0.34634144202,0.189892278408,0.294856045677
0.16300002787,0.21446249284,0.34634144202,0.189892278408,0.294856045677,0.170740853777
0.239215263932,0.267400930134,0.389601144023,0.485738781349,0.36182268275,0.324528274713
0.267400930134,0.389601144023,0.485738781349,0.36182268275,0.324528274713,0.489727473507
0.389601144023,0.485738781349,0.36182268275,0.324528274713,0.489727473507,0.770637055998
0.485738781349,0.36182268275,0.324528274713,0.489727473507,0.770637055998,0.417996735119
0.175210780351,0.272624514306,0.383445764838,0.314661318175,0.344241323767,0.250535885569
0.272624514306,0.383445764838,0.314661318175,0.344241323767,0.250535885569,0.297507031292
0.383445764838,0.314661318175,0.344241323767,0.250535885569,0.297507031292,0.176370610272
0.175210780351,0.272624514306,0.383445764838,0.314661318175,0.344241323767,0.250535885569
0.272624514306,0.383445764838,0.314661318175,0.344241323767,0.250535885569,0.297507031292
0.383445764838,0.314661318175,0.344241323767,0.250535885569,0.297507031292,0.176370610272
0.314661318175,0.344241323767,0.250535885569,0.297507031292,0.176370610272,0.332032074772
0.344241323767,0.250535885569,0.297507031292,0.176370610272,0.332032074772,0.282196008748
0.425776944933,0.350022868046,0.519037103174,0.353513550803,0.658552257442,0.456363437651
0.425776944933,0.350022868046,0.519037103174,0.353513550803,0.658552257442,0.456363437651
0.350022868046,0.519037103174,0.353513550803,0.658552257442,0.456363437651,0.562956818755
0.425776944933,0.350022868046,0.519037103174,0.353513550803,0.658552257442,0.456363437651
0.350022868046,0.519037103174,0.353513550803,0.658552257442,0.456363437651,0.562956818755
0.519037103174,0.353513550803,0.658552257442,0.456363437651,0.562956818755,0.561143081143
0.353513550803,0.658552257442,0.456363437651,0.562956818755,0.561143081143,0.367863412758
0.425776944933,0.350022868046,0.519037103174,0.353513550803,0.658552257442,0.456363437651
0.350022868046,0.519037103174,0.353513550803,0.658552257442,0.456363437651,0.562956818755
0.519037103174,0.353513550803,0.658552257442,0.456363437651,0.562956818755,0.561143081143
0.353513550803,0.658552257442,0.456363437651,0.562956818755,0.561143081143,0.367863412758
0.658552257442,0.456363437651,0.562956818755,0.561143081143,0.367863412758,0.255515965836
0.201520745317,0.199977752302,0.310761810854,0.267434737072,0.218157906967,0.242573489533
0.199977752302,0.310761810854,0.267434737072,0.218157906967,0.242573489533,0.20336572974
0.310761810854,0.267434737072,0.218157906967,0.242573489533,0.20336572974,0.236687000266
0.201520745317,0.199977752302,0.310761810854,0.267434737072,0.218157906967,0.242573489533
0.199977752302,0.310761810854,0.267434737072,0.218157906967,0.242573489533,0.20336572974
0.310761810854,0.267434737072,0.218157906967,0.242573489533,0.20336572974,0.236687000266
0.267434737072,0.218157906967,0.242573489533,0.20336572974,0.236687000266,0.220573365182
0.218157906967,0.242573489533,0.20336572974,0.236687000266,0.220573365182,0.233237415704
0.242573489533,0.20336572974,0.236687000266,0.220573365182,0.233237415704,0.180484695482
0.201520745317,0.199977752302,0.310761810854,0.267434737072,0.218157906967,0.242573489533
0.199977752302,0.310761810854,0.267434737072,0.218157906967,0.242573489533,0.20336572974
0.310761810854,0.267434737072,0.218157906967,0.242573489533,0.20336572974,0.236687000266
0.267434737072,0.218157906967,0.242573489533,0.20336572974,0.236687000266,0.220573365182
0.218157906967,0.242573489533,0.20336572974,0.236687000266,0.220573365182,0.233237415704
0.242573489533,0.20336572974,0.236687000266,0.220573365182,0.233237415704,0.180484695482
0.20336572974,0.236687000266,0.220573365182,0.233237415704,0.180484695482,0.174307209777
0.236687000266,0.220573365182,0.233237415704,0.180484695482,0.174307209777,0.256228951337
0.220573365182,0.233237415704,0.180484695482,0.174307209777,0.256228951337,0.213829382218
0.179289079665,0.250024417939,0.21047444234,0.268352537549,0.271964992958,0.371298380982
0.250024417939,0.21047444234,0.268352537549,0.271964992958,0.371298380982,0.263240322706
0.21047444234,0.268352537549,0.271964992958,0.371298380982,0.263240322706,0.238885135692
0.268352537549,0.271964992958,0.371298380982,0.263240322706,0.238885135692,0.21578211515
0.271964992958,0.371298380982,0.263240322706,0.238885135692,0.21578211515,0.171537333043
0.273928849334,0.435871825576,0.288633746284,0.313338931785,0.302219079628,0.472904255405
0.435871825576,0.288633746284,0.313338931785,0.302219079628,0.472904255405,0.389929015585
0.275241161946,0.314801950171,0.269381984619,0.293539808509,0.234171850966,0.247592849646
0.299156356972,0.677575602971,0.432534417045,0.56285187057,0.480947584701,0.698826329841
0.299156356972,0.677575602971,0.432534417045,0.56285187057,0.480947584701,0.698826329841
0.677575602971,0.432534417045,0.56285187057,0.480947584701,0.698826329841,0.537513165412
0.432534417045,0.56285187057,0.480947584701,0.698826329841,0.537513165412,0.509515162794
0.56285187057,0.480947584701,0.698826329841,0.537513165412,0.509515162794,0.361009917956
0.480947584701,0.698826329841,0.537513165412,0.509515162794,0.361009917956,0.507031450299
0.25725943104,0.423860394279,0.296851894523,0.516055029221,0.423629406729,0.401334754582
0.423860394279,0.296851894523,0.516055029221,0.423629406729,0.401334754582,0.322755100088
0.296851894523,0.516055029221,0.423629406729,0.401334754582,0.322755100088,0.368011319987
0.516055029221,0.423629406729,0.401334754582,0.322755100088,0.368011319987,0.3599317501
0.423629406729,0.401334754582,0.322755100088,0.368011319987,0.3599317501,0.693253420445
0.401334754582,0.322755100088,0.368011319987,0.3599317501,0.693253420445,0.393093689811
0.322755100088,0.368011319987,0.3599317501,0.693253420445,0.393093689811,0.389778673624
0.25725943104,0.423860394279,0.296851894523,0.516055029221,0.423629406729,0.401334754582
0.423860394279,0.296851894523,0.516055029221,0.423629406729,0.401334754582,0.322755100088
0.296851894523,0.516055029221,0.423629406729,0.401334754582,0.322755100088,0.368011319987
0.516055029221,0.423629406729,0.401334754582,0.322755100088,0.368011319987,0.3599317501
0.423629406729,0.401334754582,0.322755100088,0.368011319987,0.3599317501,0.693253420445
0.401334754582,0.322755100088,0.368011319987,0.3599317501,0.693253420445,0.393093689811
0.322755100088,0.368011319987,0.3599317501,0.693253420445,0.393093689811,0.389778673624
0.368011319987,0.3599317501,0.693253420445,0.393093689811,0.389778673624,0.231144899324
0.3599317501,0.693253420445,0.393093689811,0.389778673624,0.231144899324,0.381490767614
0.693253420445,0.393093689811,0.389778673624,0.231144899324,0.381490767614,0.273423496461
0.393093689811,0.389778673624,0.231144899324,0.381490767614,0.273423496461,0.424768174845
0.253186568535,0.376021651861,0.303476786713,0.389122972808,0.296721585,0.311859337691
0.376021651861,0.303476786713,0.389122972808,0.296721585,0.311859337691,0.24695864788
0.303476786713,0.389122972808,0.296721585,0.311859337691,0.24695864788,0.350179954922
0.389122972808,0.296721585,0.311859337691,0.24695864788,0.350179954922,0.407270756051
0.296721585,0.311859337691,0.24695864788,0.350179954922,0.407270756051,0.337079829088
0.311859337691,0.24695864788,0.350179954922,0.407270756051,0.337079829088,0.376594470583
0.890404843541,0.476884966963,0.474720618211,0.55657068254,0.674235526559,0.729989703841
0.476884966963,0.474720618211,0.55657068254,0.674235526559,0.729989703841,0.526570756245
0.474720618211,0.55657068254,0.674235526559,0.729989703841,0.526570756245,0.331821422378
0.55657068254,0.674235526559,0.729989703841,0.526570756245,0.331821422378,0.646193545007
0.674235526559,0.729989703841,0.526570756245,0.331821422378,0.646193545007,0.479849705557
0.729989703841,0.526570756245,0.331821422378,0.646193545007,0.479849705557,0.341757089957
0.605136013271,0.311477274279,0.396077569324,0.329976966282,0.442151746736,0.291023405672
0.311477274279,0.396077569324,0.329976966282,0.442151746736,0.291023405672,0.409458042109
0.396077569324,0.329976966282,0.442151746736,0.291023405672,0.409458042109,0.308564737063
0.329976966282,0.442151746736,0.291023405672,0.409458042109,0.308564737063,0.359158411186
0.314367634598,0.266021004944,0.429155779868,0.213502316072,0.343408397182,0.238553098051
0.328417783033,0.375264483186,0.512050725025,0.361482320615,0.439453074803,0.236905557506
0.375264483186,0.512050725025,0.361482320615,0.439453074803,0.236905557506,0.413568827414
1.0,0.694792181996,0.765009046483,0.983264823741,0.493397264448,0.864101856566
0.694792181996,0.765009046483,0.983264823741,0.493397264448,0.864101856566,1.0
0.765009046483,0.983264823741,0.493397264448,0.864101856566,1.0,1.0
0.983264823741,0.493397264448,0.864101856566,1.0,1.0,1.0
0.493397264448,0.864101856566,1.0,1.0,1.0,1.0
1.0,0.694792181996,0.765009046483,0.983264823741,0.493397264448,0.864101856566
0.694792181996,0.765009046483,0.983264823741,0.493397264448,0.864101856566,1.0
0.765009046483,0.983264823741,0.493397264448,0.864101856566,1.0,1.0
0.983264823741,0.493397264448,0.864101856566,1.0,1.0,1.0
0.493397264448,0.864101856566,1.0,1.0,1.0,1.0
0.864101856566,1.0,1.0,1.0,1.0,1.0
0.828189272151,1.0,0.940477528274,0.886460833834,0.834643398753,1.0
0.182899717248,0.306429018892,0.325109695935,0.360900525875,0.376113112775,0.453212946788
0.306429018892,0.325109695935,0.360900525875,0.376113112775,0.453212946788,0.331453444436
0.325109695935,0.360900525875,0.376113112775,0.453212946788,0.331453444436,0.325542685335
0.360900525875,0.376113112775,0.453212946788,0.331453444436,0.325542685335,0.306509890825
0.376113112775,0.453212946788,0.331453444436,0.325542685335,0.306509890825,0.263100782759
0.308122196432,0.3639613211,0.323039092389,0.345912980577,0.284450975254,0.313933368842
0.3639613211,0.323039092389,0.345912980577,0.284450975254,0.313933368842,0.276261770033
0.323039092389,0.345912980577,0.284450975254,0.313933368842,0.276261770033,0.279236576787
0.345912980577,0.284450975254,0.313933368842,0.276261770033,0.279236576787,0.252832675256
0.523880184765,0.466848419595,0.581173673251,0.330152273159,0.446388339131,0.348734250383
0.466848419595,0.581173673251,0.330152273159,0.446388339131,0.348734250383,0.252444837167
0.581173673251,0.330152273159,0.446388339131,0.348734250383,0.252444837167,0.297365479645
0.47611434659,0.276635352145,0.397219908236,0.368845007956,0.442700337734,0.465619773169
0.276635352145,0.397219908236,0.368845007956,0.442700337734,0.465619773169,0.408877821716
0.267033376038,0.301992775975,0.394845171985,0.305539757781,0.380711366596,0.408811982347
0.301992775975,0.394845171985,0.305539757781,0.380711366596,0.408811982347,0.223000535838
0.429281763119,0.552637192181,0.438721922056,0.418697290609,0.373589716721,0.387027975362
0.552637192181,0.438721922056,0.418697290609,0.373589716721,0.387027975362,0.302453711746
0.429281763119,0.552637192181,0.438721922056,0.418697290609,0.373589716721,0.387027975362
0.552637192181,0.438721922056,0.418697290609,0.373589716721,0.387027975362,0.302453711746
0.438721922056,0.418697290609,0.373589716721,0.387027975362,0.302453711746,0.193966202151
0.153935699825,0.23880432639,0.219585576046,0.151921105069,0.21937762351,0.179767520081
0.23880432639,0.219585576046,0.151921105069,0.21937762351,0.179767520081,0.159952978656
0.353921045188,0.286473682863,0.307467297562,0.443644427076,0.448283831367,0.480979924869
0.286473682863,0.307467297562,0.443644427076,0.448283831367,0.480979924869,0.457031074459
0.353921045188,0.286473682863,0.307467297562,0.443644427076,0.448283831367,0.480979924869
0.286473682863,0.307467297562,0.443644427076,0.448283831367,0.480979924869,0.457031074459
0.307467297562,0.443644427076,0.448283831367,0.480979924869,0.457031074459,0.244440372521
0.443644427076,0.448283831367,0.480979924869,0.457031074459,0.244440372521,0.538243745742
0.448283831367,0.480979924869,0.457031074459,0.244440372521,0.538243745742,0.360844580072
0.480979924869,0.457031074459,0.244440372521,0.538243745742,0.360844580072,0.668519722967
0.356698162128,0.313712359116,0.327567861814,0.332115665335,0.425883784473,0.248341081845
0.313712359116,0.327567861814,0.332115665335,0.425883784473,0.248341081845,0.233462808752
0.285825528687,0.30846171608,0.330911072434,0.217664554072,0.201839511167,0.390470226211
0.312942233887,0.225402746732,0.332047415368,0.273005433534,0.313561634844,0.262077641276
0.225402746732,0.332047415368,0.273005433534,0.313561634844,0.262077641276,0.287929627134
0.312942233887,0.225402746732,0.332047415368,0.273005433534,0.313561634844,0.262077641276
0.225402746732,0.332047415368,0.273005433534,0.313561634844,0.262077641276,0.287929627134
0.332047415368,0.273005433534,0.313561634844,0.262077641276,0.287929627134,0.288295290229
0.21394263502,0.188067209821,0.167701361007,0.136060539627,0.119502225568,0.269871364989
0.188067209821,0.167701361007,0.136060539627,0.119502225568,0.269871364989,0.234727622837
0.167701361007,0.136060539627,0.119502225568,0.269871364989,0.234727622837,0.356597522378
0.273676669568,0.209437446124,0.273166225663,0.236677624091,0.165495018916,0.247258598577
0.273676669568,0.209437446124,0.273166225663,0.236677624091,0.165495018916,0.247258598577
0.209437446124,0.273166225663,0.236677624091,0.165495018916,0.247258598577,0.291853286621
0.253931628742,0.20719848077,0.209796593198,0.18754183462,0.204192839045,0.276680227916
0.230382069294,0.330291012623,0.305805518616,0.330566176596,0.534560057816,0.460082970447
0.230382069294,0.330291012623,0.305805518616,0.330566176596,0.534560057816,0.460082970447
0.330291012623,0.305805518616,0.330566176596,0.534560057816,0.460082970447,0.303111157015
0.305805518616,0.330566176596,0.534560057816,0.460082970447,0.303111157015,0.541022325585
0.188725373461,0.371217032876,0.312604285058,0.232874318153,0.270107158849,0.108605834543
0.376262803216,0.586618000678,0.425925925926,0.374220756496,0.588498947278,0.761670313288
1.0,0.489361985702,0.380354055329,0.38455891717,0.349532216316,0.674047667475
1.0,0.489361985702,0.380354055329,0.38455891717,0.349532216316,0.674047667475
0.489361985702,0.380354055329,0.38455891717,0.349532216316,0.674047667475,0.627675618241
0.380354055329,0.38455891717,0.349532216316,0.674047667475,0.627675618241,0.602706917111
0.178105813366,0.23254242522,0.24318870925,0.190388145664,0.245115841828,0.154065964332
0.23254242522,0.24318870925,0.190388145664,0.245115841828,0.154065964332,0.253624225301
0.24318870925,0.190388145664,0.245115841828,0.154065964332,0.253624225301,0.191715985316
0.190388145664,0.245115841828,0.154065964332,0.253624225301,0.191715985316,0.310261492406
0.245115841828,0.154065964332,0.253624225301,0.191715985316,0.310261492406,0.301277306509
0.154065964332,0.253624225301,0.191715985316,0.310261492406,0.301277306509,0.259835131894
0.580449446258,0.435466648271,0.404607647039,0.415257838788,0.274810640568,0.379869349648
0.274118314421,0.480319777633,0.50263401065,0.404966389907,0.426960075649,0.299718315765
0.480319777633,0.50263401065,0.404966389907,0.426960075649,0.299718315765,0.348433275298
0.50263401065,0.404966389907,0.426960075649,0.299718315765,0.348433275298,0.502835454626
0.404966389907,0.426960075649,0.299718315765,0.348433275298,0.502835454626,0.48123197342
0.484772731996,0.634794187659,0.488845502628,0.733980346732,0.798381401846,0.442697988337
0.207048637334,0.258717768204,0.229401513471,0.256784370976,0.218189909717,0.40078679019
0.258717768204,0.229401513471,0.256784370976,0.218189909717,0.40078679019,0.30135945593
0.229401513471,0.256784370976,0.218189909717,0.40078679019,0.30135945593,0.507857671633
0.256784370976,0.218189909717,0.40078679019,0.30135945593,0.507857671633,0.366884461201
0.220285961554,0.152143695355,0.205569363486,0.264702009308,0.171819383708,0.336301262527
0.328282921231,0.331397295425,0.404253451938,0.349466753829,0.387913352157,0.296938413227
0.331397295425,0.404253451938,0.349466753829,0.387913352157,0.296938413227,0.536641444294
0.404253451938,0.349466753829,0.387913352157,0.296938413227,0.536641444294,0.439536666172
0.349466753829,0.387913352157,0.296938413227,0.536641444294,0.439536666172,0.327656417376
0.328282921231,0.331397295425,0.404253451938,0.349466753829,0.387913352157,0.296938413227
0.331397295425,0.404253451938,0.349466753829,0.387913352157,0.296938413227,0.536641444294
0.404253451938,0.349466753829,0.387913352157,0.296938413227,0.536641444294,0.439536666172
0.349466753829,0.387913352157,0.296938413227,0.536641444294,0.439536666172,0.327656417376
0.387913352157,0.296938413227,0.536641444294,0.439536666172,0.327656417376,0.447729929239
0.283176952755,0.291526948199,0.424066807991,0.236957667624,0.411944827255,0.305761238469
0.291526948199,0.424066807991,0.236957667624,0.411944827255,0.305761238469,0.47440978359
0.424066807991,0.236957667624,0.411944827255,0.305761238469,0.47440978359,0.320305862362
0.236957667624,0.411944827255,0.305761238469,0.47440978359,0.320305862362,0.441273839654
0.411944827255,0.305761238469,0.47440978359,0.320305862362,0.441273839654,0.342956129082
0.531733379934,0.66700992264,0.563508756405,0.253829133998,0.557504312366,0.538175093728
0.66700992264,0.563508756405,0.253829133998,0.557504312366,0.538175093728,0.478126127508
0.563508756405,0.253829133998,0.557504312366,0.538175093728,0.478126127508,0.644790934398
0.253829133998,0.557504312366,0.538175093728,0.478126127508,0.644790934398,0.930573976074
0.557504312366,0.538175093728,0.478126127508,0.644790934398,0.930573976074,0.492275175302
0.538175093728,0.478126127508,0.644790934398,0.930573976074,0.492275175302,0.674482096648
0.2592757615,0.380499264132,0.337034750057,0.274510903816,0.147743524698,0.374324275363
0.232171351452,0.250021738113,0.196519675015,0.314210117412,0.238326976085,0.198456669321
0.160530189387,0.173934723449,0.204909400436,0.334085333522,0.132510715761,0.239757829851
0.173934723449,0.204909400436,0.334085333522,0.132510715761,0.239757829851,0.217607171279
0.204909400436,0.334085333522,0.132510715761,0.239757829851,0.217607171279,0.334087708368
0.218692554841,0.181547826621,0.303453867959,0.435705462407,0.253668570858,0.499044555328
0.181547826621,0.303453867959,0.435705462407,0.253668570858,0.499044555328,0.405458871856
0.187015935168,0.266537083412,0.476277522675,0.280971211855,0.637516780781,0.646343110738
0.266537083412,0.476277522675,0.280971211855,0.637516780781,0.646343110738,0.471340401363
0.476277522675,0.280971211855,0.637516780781,0.646343110738,0.471340401363,0.522456519996
0.280971211855,0.637516780781,0.646343110738,0.471340401363,0.522456519996,0.4947211546
0.637516780781,0.646343110738,0.471340401363,0.522456519996,0.4947211546,0.597842795268
0.266407402567,0.379544737734,0.386269152801,0.66957052961,0.200280815168,0.42154807198
0.379544737734,0.386269152801,0.66957052961,0.200280815168,0.42154807198,0.220014112237
0.386269152801,0.66957052961,0.200280815168,0.42154807198,0.220014112237,0.37251139708
0.66957052961,0.200280815168,0.42154807198,0.220014112237,0.37251139708,0.300559113251
0.200280815168,0.42154807198,0.220014112237,0.37251139708,0.300559113251,0.245298115575
0.48276485382,0.375118603414,0.411642316101,0.18301256265,0.485892935184,0.317496254707
0.375118603414,0.411642316101,0.18301256265,0.485892935184,0.317496254707,0.633314048851
0.411642316101,0.18301256265,0.485892935184,0.317496254707,0.633314048851,0.637570955283
0.261334036916,0.348252255001,0.570827392597,0.941384611803,0.247139439584,0.50080315763
0.348252255001,0.570827392597,0.941384611803,0.247139439584,0.50080315763,0.419455024893
0.570827392597,0.941384611803,0.247139439584,0.50080315763,0.419455024893,0.537597152158
0.941384611803,0.247139439584,0.50080315763,0.419455024893,0.537597152158,0.412141008738
0.247139439584,0.50080315763,0.419455024893,0.537597152158,0.412141008738,0.4882692726
0.261334036916,0.348252255001,0.570827392597,0.941384611803,0.247139439584,0.50080315763
0.348252255001,0.570827392597,0.941384611803,0.247139439584,0.50080315763,0.419455024893
0.570827392597,0.941384611803,0.247139439584,0.50080315763,0.419455024893,0.537597152158
0.941384611803,0.247139439584,0.50080315763,0.419455024893,0.537597152158,0.412141008738
0.247139439584,0.50080315763,0.419455024893,0.537597152158,0.412141008738,0.4882692726
0.50080315763,0.419455024893,0.537597152158,0.412141008738,0.4882692726,0.298389166073
0.419455024893,0.537597152158,0.412141008738,0.4882692726,0.298389166073,0.338213516382
0.190356138264,0.266637151109,0.323198684901,0.255795763616,0.425525578215,0.749541476783
0.201689853725,0.245880998078,0.143867373791,0.248694520812,0.215230672356,0.364155555018
0.245880998078,0.143867373791,0.248694520812,0.215230672356,0.364155555018,0.298724212522
0.143867373791,0.248694520812,0.215230672356,0.364155555018,0.298724212522,0.276185436465
0.437493628694,0.312500891102,1.0,0.319220075967,0.449440632429,0.223478666261
0.312500891102,1.0,0.319220075967,0.449440632429,0.223478666261,0.57564290437
1.0,0.319220075967,0.449440632429,0.223478666261,0.57564290437,0.33959164746
0.319220075967,0.449440632429,0.223478666261,0.57564290437,0.33959164746,0.466191783415
0.449440632429,0.223478666261,0.57564290437,0.33959164746,0.466191783415,0.359248671822
0.292521001009,0.177967288186,0.225678701347,0.652236481901,0.350668335275,0.566691196104
0.177967288186,0.225678701347,0.652236481901,0.350668335275,0.566691196104,0.703090940593
0.225678701347,0.652236481901,0.350668335275,0.566691196104,0.703090940593,0.416511264672
0.652236481901,0.350668335275,0.566691196104,0.703090940593,0.416511264672,0.297233251586
0.350668335275,0.566691196104,0.703090940593,0.416511264672,0.297233251586,0.524578520864
0.179704519438,0.103784285224,0.205297937841,0.190049029629,0.224293358065,0.25243526003
0.215811333163,0.206887929608,0.471729199634,0.313829016661,0.41161447625,0.333676378995
0.206887929608,0.471729199634,0.313829016661,0.41161447625,0.333676378995,0.437226837438
0.471729199634,0.313829016661,0.41161447625,0.333676378995,0.437226837438,0.404953649812
0.313829016661,0.41161447625,0.333676378995,0.437226837438,0.404953649812,0.38309002731
0.41161447625,0.333676378995,0.437226837438,0.404953649812,0.38309002731,0.55858405872
0.292497996385,0.295816323071,0.375893686436,0.551362412697,0.521121226589,0.322558561896
0.295816323071,0.375893686436,0.551362412697,0.521121226589,0.322558561896,0.40943622551
0.191978917572,0.131386421538,0.246630463433,0.152336191739,0.352052128498,0.233980142865
0.131386421538,0.246630463433,0.152336191739,0.352052128498,0.233980142865,0.204478882727
0.149491845745,0.390638063122,0.318099151803,0.58013758497,0.476857671525,0.659130360186
0.390638063122,0.318099151803,0.58013758497,0.476857671525,0.659130360186,0.427719371203
0.318099151803,0.58013758497,0.476857671525,0.659130360186,0.427719371203,0.435919891492
0.58013758497,0.476857671525,0.659130360186,0.427719371203,0.435919891492,0.475636476282
0.476857671525,0.659130360186,0.427719371203,0.435919891492,0.475636476282,0.299362424873
0.149491845745,0.390638063122,0.318099151803,0.58013758497,0.476857671525,0.659130360186
0.390638063122,0.318099151803,0.58013758497,0.476857671525,0.659130360186,0.427719371203
0.318099151803,0.58013758497,0.476857671525,0.659130360186,0.427719371203,0.435919891492
0.58013758497,0.476857671525,0.659130360186,0.427719371203,0.435919891492,0.475636476282
0.476857671525,0.659130360186,0.427719371203,0.435919891492,0.475636476282,0.299362424873
0.659130360186,0.427719371203,0.435919891492,0.475636476282,0.299362424873,0.510839663765
0.427719371203,0.435919891492,0.475636476282,0.299362424873,0.510839663765,0.603486509829
0.435919891492,0.475636476282,0.299362424873,0.510839663765,0.603486509829,0.369507264009
0.12928493345,0.248595336445,0.176194893164,0.293749555312,0.210187605467,0.220309403447
0.248595336445,0.176194893164,0.293749555312,0.210187605467,0.220309403447,0.190190353848
0.176194893164,0.293749555312,0.210187605467,0.220309403447,0.190190353848,0.314471046114
0.293749555312,0.210187605467,0.220309403447,0.190190353848,0.314471046114,0.25576950855
0.210187605467,0.220309403447,0.190190353848,0.314471046114,0.25576950855,0.249892988083
0.275166496478,0.304081357213,0.455511494399,0.37670797579,0.448280649528,0.336668223753
0.304081357213,0.455511494399,0.37670797579,0.448280649528,0.336668223753,0.578066318927
0.455511494399,0.37670797579,0.448280649528,0.336668223753,0.578066318927,0.494797331751
0.275166496478,0.304081357213,0.455511494399,0.37670797579,0.448280649528,0.336668223753
0.304081357213,0.455511494399,0.37670797579,0.448280649528,0.336668223753,0.578066318927
0.455511494399,0.37670797579,0.448280649528,0.336668223753,0.578066318927,0.494797331751
0.37670797579,0.448280649528,0.336668223753,0.578066318927,0.494797331751,0.444519002731
0.448280649528,0.336668223753,0.578066318927,0.494797331751,0.444519002731,0.267973860671
0.263441770806,0.231535733245,0.476190173451,0.320878389167,0.356279187177,0.280559064899
0.265831147073,0.223231599158,0.436360647989,0.386620924495,0.4422115597,0.447909118665
0.223231599158,0.436360647989,0.386620924495,0.4422115597,0.447909118665,0.426221524377
0.436360647989,0.386620924495,0.4422115597,0.447909118665,0.426221524377,0.280895978209
0.265831147073,0.223231599158,0.436360647989,0.386620924495,0.4422115597,0.447909118665
0.223231599158,0.436360647989,0.386620924495,0.4422115597,0.447909118665,0.426221524377
0.436360647989,0.386620924495,0.4422115597,0.447909118665,0.426221524377,0.280895978209
0.386620924495,0.4422115597,0.447909118665,0.426221524377,0.280895978209,0.326780334718
0.4422115597,0.447909118665,0.426221524377,0.280895978209,0.326780334718,0.329453916487
0.305641475988,0.265120399896,0.324760749702,0.344041258221,0.252235380855,0.238234062861
0.265120399896,0.324760749702,0.344041258221,0.252235380855,0.238234062861,0.359566842409
0.261963516211,0.19446231088,0.423108981917,0.371605151521,0.353855288975,0.318861863998
0.19446231088,0.423108981917,0.371605151521,0.353855288975,0.318861863998,0.359893586425
0.423108981917,0.371605151521,0.353855288975,0.318861863998,0.359893586425,0.309121111447
0.371605151521,0.353855288975,0.318861863998,0.359893586425,0.309121111447,0.372815325096
0.353855288975,0.318861863998,0.359893586425,0.309121111447,0.372815325096,0.374993837991
0.318861863998,0.359893586425,0.309121111447,0.372815325096,0.374993837991,0.38826459106
0.359893586425,0.309121111447,0.372815325096,0.374993837991,0.38826459106,0.323727792171
0.309121111447,0.372815325096,0.374993837991,0.38826459106,0.323727792171,0.430878765483
0.372815325096,0.374993837991,0.38826459106,0.323727792171,0.430878765483,0.459523914838
0.374993837991,0.38826459106,0.323727792171,0.430878765483,0.459523914838,0.454791191059
0.38826459106,0.323727792171,0.430878765483,0.459523914838,0.454791191059,0.41476580236
0.323727792171,0.430878765483,0.459523914838,0.454791191059,0.41476580236,0.545569453179
0.400964583825,0.266536445393,0.532422466872,0.375943515882,0.392446512559,0.33279875338
0.266536445393,0.532422466872,0.375943515882,0.392446512559,0.33279875338,0.442574088099
0.532422466872,0.375943515882,0.392446512559,0.33279875338,0.442574088099,0.392409474744
0.375943515882,0.392446512559,0.33279875338,0.442574088099,0.392409474744,0.309885143387
0.392446512559,0.33279875338,0.442574088099,0.392409474744,0.309885143387,0.436815981471
0.33279875338,0.442574088099,0.392409474744,0.309885143387,0.436815981471,0.290462692167
0.442574088099,0.392409474744,0.309885143387,0.436815981471,0.290462692167,0.449010517241
0.392409474744,0.309885143387,0.436815981471,0.290462692167,0.449010517241,0.442898162053
0.309885143387,0.436815981471,0.290462692167,0.449010517241,0.442898162053,0.410890269661
0.436815981471,0.290462692167,0.449010517241,0.442898162053,0.410890269661,0.543314691647
0.400964583825,0.266536445393,0.532422466872,0.375943515882,0.392446512559,0.33279875338
0.266536445393,0.532422466872,0.375943515882,0.392446512559,0.33279875338,0.442574088099
0.532422466872,0.375943515882,0.392446512559,0.33279875338,0.442574088099,0.392409474744
0.375943515882,0.392446512559,0.33279875338,0.442574088099,0.392409474744,0.309885143387
0.392446512559,0.33279875338,0.442574088099,0.392409474744,0.309885143387,0.436815981471
0.33279875338,0.442574088099,0.392409474744,0.309885143387,0.436815981471,0.290462692167
0.442574088099,0.392409474744,0.309885143387,0.436815981471,0.290462692167,0.449010517241
0.392409474744,0.309885143387,0.436815981471,0.290462692167,0.449010517241,0.442898162053
0.309885143387,0.436815981471,0.290462692167,0.449010517241,0.442898162053,0.410890269661
0.436815981471,0.290462692167,0.449010517241,0.442898162053,0.410890269661,0.543314691647
0.290462692167,0.449010517241,0.442898162053,0.410890269661,0.543314691647,0.357716861439
0.223236246923,0.316431593953,0.283437096955,0.281734003837,0.21351629102,0.180178837556
0.278263270014,0.551287282529,0.249574597183,0.516130484573,0.228662314403,0.52779989768
0.336114307577,0.900688642636,1.0,0.743129117758,0.736427506919,0.763198461768
0.332080870319,0.832440039222,0.411533797612,0.448309587761,0.767166863662,0.680070056334
0.832440039222,0.411533797612,0.448309587761,0.767166863662,0.680070056334,0.588764846063
0.411533797612,0.448309587761,0.767166863662,0.680070056334,0.588764846063,0.706210561422
0.448309587761,0.767166863662,0.680070056334,0.588764846063,0.706210561422,0.387406706067
0.178191743749,0.394789916376,0.333720774577,0.261414932032,0.407346192735,0.43985827485
0.178191743749,0.394789916376,0.333720774577,0.261414932032,0.407346192735,0.43985827485
0.394789916376,0.333720774577,0.261414932032,0.407346192735,0.43985827485,0.502439017972
0.204794198018,0.409560603277,0.512972692823,0.428507066324,0.327130938015,0.389849105812
0.275305732257,0.356831919918,0.328247529019,0.29603599257,0.374881220783,0.31904234562
0.356831919918,0.328247529019,0.29603599257,0.374881220783,0.31904234562,0.387434079946
0.328247529019,0.29603599257,0.374881220783,0.31904234562,0.387434079946,0.383818118386
0.560716539527,0.708012554867,0.56653780816,0.444973352585,0.713936555248,0.614510970719
0.708012554867,0.56653780816,0.444973352585,0.713936555248,0.614510970719,1.0
0.56653780816,0.444973352585,0.713936555248,0.614510970719,1.0,0.55566724167
0.444973352585,0.713936555248,0.614510970719,1.0,0.55566724167,0.615795144171
0.713936555248,0.614510970719,1.0,0.55566724167,0.615795144171,0.555959020967
0.767082660496,0.539122716479,0.854620393418,0.438307925871,0.482024532844,0.680818367118
0.539122716479,0.854620393418,0.438307925871,0.482024532844,0.680818367118,0.543812659291
0.854620393418,0.438307925871,0.482024532844,0.680818367118,0.543812659291,0.518378759617
0.438307925871,0.482024532844,0.680818367118,0.543812659291,0.518378759617,0.482933911363
0.482024532844,0.680818367118,0.543812659291,0.518378759617,0.482933911363,0.424983686252
0.600079744912,0.615469640182,0.652926507478,0.512679134482,0.666421506958,0.556645606565
0.53564455939,0.394769223553,0.445082894377,0.410869762674,0.537265275708,0.405546582537
0.272902340647,0.364925691026,0.243909559848,0.317090474416,0.262583284367,0.472735545948
0.364925691026,0.243909559848,0.317090474416,0.262583284367,0.472735545948,0.342510083127
0.243909559848,0.317090474416,0.262583284367,0.472735545948,0.342510083127,0.281677632179
0.317090474416,0.262583284367,0.472735545948,0.342510083127,0.281677632179,0.341670746723
0.262583284367,0.472735545948,0.342510083127,0.281677632179,0.341670746723,0.420615689179
0.326698781312,0.298090622445,0.369015841475,0.523049844587,0.412194746471,0.447104735635
0.298090622445,0.369015841475,0.523049844587,0.412194746471,0.447104735635,0.353411240669
0.369015841475,0.523049844587,0.412194746471,0.447104735635,0.353411240669,0.598640622983
0.326698781312,0.298090622445,0.369015841475,0.523049844587,0.412194746471,0.447104735635
0.298090622445,0.369015841475,0.523049844587,0.412194746471,0.447104735635,0.353411240669
0.369015841475,0.523049844587,0.412194746471,0.447104735635,0.353411240669,0.598640622983
0.523049844587,0.412194746471,0.447104735635,0.353411240669,0.598640622983,0.468286161956
0.412194746471,0.447104735635,0.353411240669,0.598640622983,0.468286161956,0.5729640383
0.238719837383,0.248377807449,0.228490165867,0.212741329088,0.23327826108,0.216609133892
0.238719837383,0.248377807449,0.228490165867,0.212741329088,0.23327826108,0.216609133892
0.248377807449,0.228490165867,0.212741329088,0.23327826108,0.216609133892,0.238637046596
0.228490165867,0.212741329088,0.23327826108,0.216609133892,0.238637046596,0.201439137683
0.282601139193,0.311795655275,0.236499409605,0.388863832457,0.458168424094,0.349126957198
0.311795655275,0.236499409605,0.388863832457,0.458168424094,0.349126957198,0.710488441448
0.236499409605,0.388863832457,0.458168424094,0.349126957198,0.710488441448,0.423305033389
0.210542115372,0.261216819247,0.221182686181,0.284867113761,0.291854379272,0.268355115513
0.37593367351,0.376853343753,0.324609984131,0.443549802993,0.4734830387,0.430722192354
0.376853343753,0.324609984131,0.443549802993,0.4734830387,0.430722192354,0.563472993792
0.37593367351,0.376853343753,0.324609984131,0.443549802993,0.4734830387,0.430722192354
0.376853343753,0.324609984131,0.443549802993,0.4734830387,0.430722192354,0.563472993792
0.324609984131,0.443549802993,0.4734830387,0.430722192354,0.563472993792,0.624828111159
0.318550028398,0.282734593563,0.52512220896,0.434503482247,0.569045206701,0.356410316815
0.282734593563,0.52512220896,0.434503482247,0.569045206701,0.356410316815,0.373117915378
0.318550028398,0.282734593563,0.52512220896,0.434503482247,0.569045206701,0.356410316815
0.282734593563,0.52512220896,0.434503482247,0.569045206701,0.356410316815,0.373117915378
0.52512220896,0.434503482247,0.569045206701,0.356410316815,0.373117915378,0.360198015816
0.203939595435,0.207872926897,0.244693031878,0.295806764265,0.280104980296,0.538143616573
0.325570419728,0.40578443507,0.366850166648,0.381109225574,0.528176468552,0.377249591506
0.40578443507,0.366850166648,0.381109225574,0.528176468552,0.377249591506,0.278993758275
0.366850166648,0.381109225574,0.528176468552,0.377249591506,0.278993758275,0.519083777348
0.381109225574,0.528176468552,0.377249591506,0.278993758275,0.519083777348,0.367748413059
0.519625780165,0.551874138852,0.598767243247,0.643593909429,0.55744614431,0.518152659441
0.551874138852,0.598767243247,0.643593909429,0.55744614431,0.518152659441,0.525747008706
0.231004087353,0.348946677107,0.343740716616,0.314558915569,0.300565347906,0.3831906717
0.348946677107,0.343740716616,0.314558915569,0.300565347906,0.3831906717,0.39633729392
1.0,0.568287859681,1.0,0.870311360135,0.894662337058,0.796262455467
0.568287859681,1.0,0.870311360135,0.894662337058,0.796262455467,0.832038596146
0.416054819497,0.69831745826,0.803028922544,0.912465665738,0.907699853571,0.898382640951
0.69831745826,0.803028922544,0.912465665738,0.907699853571,0.898382640951,0.626418099865
0.803028922544,0.912465665738,0.907699853571,0.898382640951,0.626418099865,0.995781951029
0.912465665738,0.907699853571,0.898382640951,0.626418099865,0.995781951029,0.954602802382
0.907699853571,0.898382640951,0.626418099865,0.995781951029,0.954602802382,0.873018856218
0.898382640951,0.626418099865,0.995781951029,0.954602802382,0.873018856218,0.828387954871
0.626418099865,0.995781951029,0.954602802382,0.873018856218,0.828387954871,0.842840370686
0.320331659465,0.263917169974,0.576242340883,0.605865775319,0.476476866349,0.53056771179
0.320331659465,0.263917169974,0.576242340883,0.605865775319,0.476476866349,0.53056771179
0.263917169974,0.576242340883,0.605865775319,0.476476866349,0.53056771179,0.589139370492
0.576242340883,0.605865775319,0.476476866349,0.53056771179,0.589139370492,0.8036678952
0.272786449886,0.328802106695,0.285393436525,0.525435574132,0.6566278599,0.527355352071
0.328802106695,0.285393436525,0.525435574132,0.6566278599,0.527355352071,0.562455414864
0.285393436525,0.525435574132,0.6566278599,0.527355352071,0.562455414864,0.771834570572
0.525435574132,0.6566278599,0.527355352071,0.562455414864,0.771834570572,0.656965612678
0.231944879131,0.344860318756,0.354770608562,0.2723698455,0.43617435387,0.279079551497
0.344860318756,0.354770608562,0.2723698455,0.43617435387,0.279079551497,0.270314705155
0.231944879131,0.344860318756,0.354770608562,0.2723698455,0.43617435387,0.279079551497
0.344860318756,0.354770608562,0.2723698455,0.43617435387,0.279079551497,0.270314705155
0.354770608562,0.2723698455,0.43617435387,0.279079551497,0.270314705155,0.244927455558
0.2723698455,0.43617435387,0.279079551497,0.270314705155,0.244927455558,0.357515371874
0.666205416458,0.56805201673,0.538662345846,0.489872911671,0.677764950674,0.442664286519
0.56805201673,0.538662345846,0.489872911671,0.677764950674,0.442664286519,0.43075802886
0.538662345846,0.489872911671,0.677764950674,0.442664286519,0.43075802886,0.601537071139
0.489872911671,0.677764950674,0.442664286519,0.43075802886,0.601537071139,0.482080380371
0.677764950674,0.442664286519,0.43075802886,0.601537071139,0.482080380371,0.464608095545
0.442664286519,0.43075802886,0.601537071139,0.482080380371,0.464608095545,0.491822898681
0.201848864732,0.198036550415,0.295871715649,0.175318303198,0.228142665943,0.237341926362
0.198036550415,0.295871715649,0.175318303198,0.228142665943,0.237341926362,0.267551884382
0.451082668537,0.589190018778,0.344702091232,0.488105579132,0.419800002594,0.342867115078
0.439060300135,0.321081213256,0.49378512817,0.375007053131,0.415523953303,0.297376077415
0.321081213256,0.49378512817,0.375007053131,0.415523953303,0.297376077415,0.357479222022
0.49378512817,0.375007053131,0.415523953303,0.297376077415,0.357479222022,0.520861596653
0.471914605386,0.454526301933,0.379648539595,0.446757004722,0.764465347106,0.783659683722
0.471914605386,0.454526301933,0.379648539595,0.446757004722,0.764465347106,0.783659683722
0.454526301933,0.379648539595,0.446757004722,0.764465347106,0.783659683722,0.753169056242
0.379648539595,0.446757004722,0.764465347106,0.783659683722,0.753169056242,1.0
0.299783042207,0.167464037261,0.19185770841,0.371965045993,0.231790391197,0.368132385744
0.167464037261,0.19185770841,0.371965045993,0.231790391197,0.368132385744,0.373197636262
0.584443206382,0.533691497492,0.531698739237,0.666402427837,0.694884877682,1.0
0.533691497492,0.531698739237,0.666402427837,0.694884877682,1.0,1.0
0.311813501796,0.371919382214,0.429526516273,0.572555489103,0.395220595948,0.693805008613
0.452938660697,0.318658170923,0.431958149884,0.525424189504,0.439228068906,0.585172039218
0.318658170923,0.431958149884,0.525424189504,0.439228068906,0.585172039218,0.411747172789
0.438449022031,0.348136618409,0.37559934387,0.496040076396,0.283528349636,0.346998044986
0.438449022031,0.348136618409,0.37559934387,0.496040076396,0.283528349636,0.346998044986
0.348136618409,0.37559934387,0.496040076396,0.283528349636,0.346998044986,0.54114276554
0.243079596892,0.3460284167,0.339210425722,0.39700620596,0.343479254907,0.472743446116
0.3460284167,0.339210425722,0.39700620596,0.343479254907,0.472743446116,0.702361134517
0.339210425722,0.39700620596,0.343479254907,0.472743446116,0.702361134517,0.496222868959
0.167909326876,0.286664694436,0.39995364581,0.286154825631,0.35301715823,0.363657466469
0.286664694436,0.39995364581,0.286154825631,0.35301715823,0.363657466469,0.334331141873
0.241709930456,0.201765399724,0.293201224896,0.303452924172,0.3275970585,0.262291614444
0.322972824967,0.349105842891,0.425748849073,0.450715815785,0.446930119627,0.468560287884
0.311392022978,0.357489087342,0.443132803002,0.566781670205,0.561410145996,0.502516333151
0.357489087342,0.443132803002,0.566781670205,0.561410145996,0.502516333151,0.662224378115
0.443132803002,0.566781670205,0.561410145996,0.502516333151,0.662224378115,0.549779373272
0.307320106095,0.472740346695,0.431985922156,0.494888561308,0.544426429188,0.381835601061
0.601101429131,1.0,1.0,0.567292975419,0.856617903957,0.758710826424
1.0,1.0,0.567292975419,0.856617903957,0.758710826424,0.371284107844
0.205909573336,0.322066373554,0.244703711658,0.31110928429,0.270585152184,0.338115187354
0.416744817185,0.407171993265,0.378010869326,0.541416564183,0.536024296276,0.372136953955
